Es Teh (Normal),Mie Instan Goreng + Telur,Joshua (Normal)
Es Teh (Normal),Mie Instan Goreng + Telur,Joshua (Normal)
Es Teh (Normal),Mie Instan Goreng + Telur,Joshua (Normal)
Es Teh (Normal),Mie Instan Goreng + Telur,Joshua (Normal)
Es Teh (Normal),Mie Instan Goreng + Telur,Joshua (Normal)
Es Teh (Normal),Mie Instan Goreng + Telur,Joshua (Normal)
Es Teh (Normal),Mie Instan Goreng + Telur,Joshua (Normal)
Es Teh (Normal),Mie Instan Goreng + Telur,Joshua (Normal)
Es Teh (Normal),Mie Instan Goreng + Telur,Joshua (Normal)
Es Teh (Normal),Mie Instan Goreng + Telur,Joshua (Normal)
Es Teh (Normal),Mie Instan Goreng + Telur,Joshua (Normal)
Es Teh (Normal),Mie Instan Goreng + Telur,Joshua (Normal)
Es Teh (Normal),Mie Instan Goreng + Telur,Joshua (Normal)
Es Teh (Normal),Mie Instan Goreng + Telur,Joshua (Normal)
Es Teh (Normal),Mie Instan Goreng + Telur,Joshua (Normal)
Es Teh (Normal),Mie Instan Goreng + Telur,Joshua (Normal)
Es Teh (Normal),Mie Instan Goreng + Telur,Joshua (Normal)
Es Teh (Normal),Mie Instan Goreng + Telur,Joshua (Normal)
Es Teh (Normal),Mie Instan Goreng + Telur,Joshua (Normal)
Es Teh (Normal),Mie Instan Goreng + Telur,Joshua (Normal)
Es Teh (Normal),Mie Instan Goreng + Telur,Joshua (Normal)
Es Teh (Normal),Mie Instan Goreng + Telur,Joshua (Normal)
Es Teh (Normal),Mie Instan Goreng + Telur,Joshua (Normal)
Es Teh (Normal),Mie Instan Goreng + Telur,Joshua (Normal)
Es Teh (Normal),Mie Instan Goreng + Telur,Joshua (Normal)
Es Teh (Normal),Mie Instan Goreng + Telur,Joshua (Normal)
Es Teh (Normal),Mie Instan Goreng + Telur,Joshua (Normal)
Es Teh (Normal),Mie Instan Goreng + Telur,Joshua (Normal)
Es Teh (Normal),Mie Instan Goreng + Telur,Joshua (Normal)
Es Teh (Normal),Mie Instan Goreng + Telur,Joshua (Normal)
Es Teh (Normal),Mie Instan Goreng + Telur,Joshua (Normal)
Es Teh (Normal),Mie Instan Goreng + Telur,Joshua (Normal)
Es Teh (Normal),Mie Instan Goreng + Telur,Joshua (Normal)
Es Teh (Normal),Mie Instan Goreng + Telur,Joshua (Normal)
Es Teh (Normal),Mie Instan Goreng + Telur,Joshua (Normal)
Es Teh (Normal),Mie Instan Goreng + Telur,Joshua (Normal)
Es Teh (Normal),Mie Instan Goreng + Telur,Joshua (Normal)
Es Teh (Normal),Mie Instan Goreng + Telur,Joshua (Normal)
Es Teh (Normal),Mie Instan Goreng + Telur,Joshua (Normal)
Es Teh (Normal),Mie Instan Goreng + Telur,Joshua (Normal)
Es Teh (Normal),Mie Instan Goreng + Telur
Es Teh (Normal),Mie Instan Goreng + Telur
Es Teh (Normal),Mie Instan Goreng + Telur
Es Teh (Normal),Mie Instan Goreng + Telur
Es Teh (Normal),Mie Instan Goreng + Telur
Es Teh (Normal),Mie Instan Goreng + Telur
Es Teh (Normal),Mie Instan Goreng + Telur
Es Teh (Normal),Mie Instan Goreng + Telur
Es Teh (Normal),Mie Instan Goreng + Telur
Es Teh (Normal),Mie Instan Goreng + Telur
Es Teh (Normal),Mie Instan Goreng + Telur
Es Teh (Normal),Mie Instan Goreng + Telur
Es Teh (Normal),Mie Instan Goreng + Telur
Es Teh (Normal),Mie Instan Goreng + Telur
Es Teh (Normal),Mie Instan Goreng + Telur
Es Teh (Normal),Mie Instan Goreng + Telur
Es Teh (Normal),Mie Instan Goreng + Telur
Es Teh (Normal),Mie Instan Goreng + Telur
Es Teh (Normal),Mie Instan Goreng + Telur
Es Teh (Normal),Mie Instan Goreng + Telur
Es Teh (Normal),Joshua (Normal)
Es Teh (Normal),Joshua (Normal)
Es Teh (Normal),Joshua (Normal)
Es Teh (Normal),Joshua (Normal)
Es Teh (Normal),Joshua (Normal)
Es Teh (Normal),Joshua (Normal)
Es Teh (Normal),Joshua (Normal)
Es Teh (Normal),Joshua (Normal)
Es Teh (Normal),Joshua (Normal)
Es Teh (Normal),Joshua (Normal)
Mie Instan Goreng + Telur,Joshua (Normal)
Mie Instan Goreng + Telur,Joshua (Normal)
Mie Instan Goreng + Telur,Joshua (Normal)
Mie Instan Goreng + Telur,Joshua (Normal)
Mie Instan Goreng + Telur,Joshua (Normal)
Es Teh (Normal)
Es Teh (Normal)
Es Teh (Normal)
Es Teh (Normal)
Es Teh (Normal)
Es Teh (Normal)
Es Teh (Normal)
Es Teh (Normal)
Es Teh (Normal)
Es Teh (Normal)
Mie Instan Goreng + Telur
Mie Instan Goreng + Telur
Mie Instan Goreng + Telur
Mie Instan Goreng + Telur
Mie Instan Goreng + Telur
Mie Instan Goreng + Telur
Mie Instan Goreng + Telur
Mie Instan Goreng + Telur
Mie Instan Goreng + Telur
Mie Instan Goreng + Telur
Joshua (Normal)
Joshua (Normal)
Joshua (Normal)
Joshua (Normal)
Joshua (Normal)